<?xml version="1.0" encoding="UTF-8"?>
<beans xmlns="http://www.springframework.org/schema/beans"
	xmlns:xsi="http://www.w3.org/2001/XMLSchema-instance" xmlns:jaxws="http://cxf.apache.org/jaxws"
	xsi:schemaLocation="
http://www.springframework.org/schema/beans
http://www.springframework.org/schema/beans/spring-beans.xsd
http://cxf.apache.org/jaxws
http://cxf.apache.org/schemas/jaxws.xsd">

	<import resource="classpath:META-INF/cxf/cxf.xml" />
	<import resource="classpath:META-INF/cxf/cxf-servlet.xml" />

	<jaxws:endpoint address="/bookshelfservice" serviceName="t:bookshelfservice"
		xmlns:t="http://webservice.pi.sws.sungard.com">
		<jaxws:implementor>
			<bean class="com.aranin.weblog4j.services.BookShelfServiceImpl" />
		</jaxws:implementor>

		<jaxws:inInterceptors>
			<bean class="org.apache.cxf.ws.security.wss4j.WSS4JInInterceptor">
				<constructor-arg>
					<map>
						<entry key="action" value="UsernameToken Timestamp" />
						<entry key="passwordType" value="PasswordText" />
						<!-- <entry key="passwordCallbackRef">
							<ref bean="myPasswordCallback" />
						</entry> -->
					</map>
				</constructor-arg>
			</bean>
			<!-- <bean class="com.arya.encrypt.ValidateUserTokenInterceptor" /> -->
		</jaxws:inInterceptors>
		<jaxws:properties>
            <entry key="ws-security.callback-handler" value-ref="myPasswordCallback" />
        </jaxws:properties>

	</jaxws:endpoint>

	<bean id="myPasswordCallback" class="com.arya.encrypt.PasswordHandler" />

</beans>
