<?xml version="1.0" encoding="UTF-8"?>
<beans xmlns="http://www.springframework.org/schema/beans"
	xmlns:xsi="http://www.w3.org/2001/XMLSchema-instance"
	xmlns:jaxws="http://cxf.apache.org/jaxws"
	xsi:schemaLocation="
http://www.springframework.org/schema/beans
http://www.springframework.org/schema/beans/spring-beans.xsd
http://cxf.apache.org/jaxws
http://cxf.apache.org/schemas/jaxws.xsd">
	<import resource="classpath:META-INF/cxf/cxf.xml" />
	<import resource="classpath:META-INF/cxf/cxf-extension-soap.xml" />
	<import resource="classpath:META-INF/cxf/cxf-servlet.xml" />

	<jaxws:endpoint address="/AGService" serviceName="t:AGService" xmlns:t="http://webservice.pi.sws.sungard.com">
		<jaxws:implementor>
			<bean class="com.sungard.sws.pi.webservice.WebServiceBean" />
		</jaxws:implementor>

		<jaxws:inInterceptors>
			<bean
				class="org.apache.cxf.ws.security.wss4j.WSS4JInInterceptor">
				<constructor-arg>
					<map>
						<entry key="action" value="UsernameToken Timestamp" />
						<!--<entry key="action" value="UsernameToken" />-->
						<entry key="passwordType" value="PasswordText" />
						<entry key="passwordCallbackRef">
							<ref bean="myPasswordCallback" />
						</entry>
					</map>
				</constructor-arg>
			</bean>
			<bean
				class="com.sungard.sws.pi.helperws.ValidateUserTokenInterceptor" />
		</jaxws:inInterceptors>
	</jaxws:endpoint>

	<jaxws:endpoint address="/AGServiceLegacy" serviceName="t:AGServiceLegacy" xmlns:t="http://webservice.pi.sws.sungard.com">
		<jaxws:implementor>
			<bean class="com.sungard.sws.pi.webservice.WebServiceBean" />
		</jaxws:implementor>
	</jaxws:endpoint>

	<bean id="myPasswordCallback"
		class="com.sungard.sws.pi.helperws.PasswordHandler" />
		
</beans>

